Algo,Weight,Country,Outcome,Group,Rep,Fold,Predictor_Set,Min_Obs
SL.glmnet_All,0.7422585975472166,USA,top10,all,1,1,predictors010,1
SL.ranger.fast_All,0.07420321121268258,USA,top10,all,1,1,predictors010,1
SL.xgboost.fast_All,0.1835381912401008,USA,top10,all,1,1,predictors010,1
SL.glmnet_All,0.843871831051743,USA,top10,all,1,2,predictors010,1
SL.ranger.fast_All,0.04996390962561314,USA,top10,all,1,2,predictors010,1
SL.xgboost.fast_All,0.1061642593226438,USA,top10,all,1,2,predictors010,1
SL.glmnet_All,0.7130900526327132,USA,top10,all,1,3,predictors010,1
SL.ranger.fast_All,0.15749428101924542,USA,top10,all,1,3,predictors010,1
SL.xgboost.fast_All,0.1294156663480415,USA,top10,all,1,3,predictors010,1
SL.glmnet_All,0.7804026417973166,USA,top10,all,1,4,predictors010,1
SL.ranger.fast_All,0.04382134007283292,USA,top10,all,1,4,predictors010,1
SL.xgboost.fast_All,0.17577601812985047,USA,top10,all,1,4,predictors010,1
SL.glmnet_All,0.6927820004718361,USA,top10,all,1,5,predictors010,1
SL.ranger.fast_All,0.05240057665758102,USA,top10,all,1,5,predictors010,1
SL.xgboost.fast_All,0.2548174228705829,USA,top10,all,1,5,predictors010,1
SL.glmnet_All,0.7345827151380557,USA,top10,all,2,1,predictors010,1
SL.ranger.fast_All,0.1649861343676608,USA,top10,all,2,1,predictors010,1
SL.xgboost.fast_All,0.10043115049428353,USA,top10,all,2,1,predictors010,1
SL.glmnet_All,0.7393559756560624,USA,top10,all,2,2,predictors010,1
SL.ranger.fast_All,0.04332896628266135,USA,top10,all,2,2,predictors010,1
SL.xgboost.fast_All,0.21731505806127643,USA,top10,all,2,2,predictors010,1
SL.glmnet_All,0.7003633269941999,USA,top10,all,2,3,predictors010,1
SL.ranger.fast_All,0.08784520322163611,USA,top10,all,2,3,predictors010,1
SL.xgboost.fast_All,0.21179146978416405,USA,top10,all,2,3,predictors010,1
SL.glmnet_All,0.6949377469105408,USA,top10,all,2,4,predictors010,1
SL.ranger.fast_All,0.16871000537448025,USA,top10,all,2,4,predictors010,1
SL.xgboost.fast_All,0.13635224771497892,USA,top10,all,2,4,predictors010,1
SL.glmnet_All,0.7963903318022939,USA,top10,all,2,5,predictors010,1
SL.ranger.fast_All,0.07099478180407513,USA,top10,all,2,5,predictors010,1
SL.xgboost.fast_All,0.1326148863936311,USA,top10,all,2,5,predictors010,1
SL.glmnet_All,0.8252578641192707,USA,top10,all,3,1,predictors010,1
SL.ranger.fast_All,0,USA,top10,all,3,1,predictors010,1
SL.xgboost.fast_All,0.17474213588072932,USA,top10,all,3,1,predictors010,1
SL.glmnet_All,0.7908158736962572,USA,top10,all,3,2,predictors010,1
SL.ranger.fast_All,4.2289147886929133e-4,USA,top10,all,3,2,predictors010,1
SL.xgboost.fast_All,0.2087612348248734,USA,top10,all,3,2,predictors010,1
SL.glmnet_All,0.7578636432919515,USA,top10,all,3,3,predictors010,1
SL.ranger.fast_All,0.1013424827325413,USA,top10,all,3,3,predictors010,1
SL.xgboost.fast_All,0.14079387397550724,USA,top10,all,3,3,predictors010,1
SL.glmnet_All,0.7352587804543324,USA,top10,all,3,4,predictors010,1
SL.ranger.fast_All,0.08818112647107156,USA,top10,all,3,4,predictors010,1
SL.xgboost.fast_All,0.17656009307459616,USA,top10,all,3,4,predictors010,1
SL.glmnet_All,0.6600236790334715,USA,top10,all,3,5,predictors010,1
SL.ranger.fast_All,0.12641949363784455,USA,top10,all,3,5,predictors010,1
SL.xgboost.fast_All,0.2135568273286839,USA,top10,all,3,5,predictors010,1
SL.glmnet_All,0.5805997280701526,GERMANY,top10,all,1,1,predictors010,1
SL.ranger.fast_All,0.23230394410381305,GERMANY,top10,all,1,1,predictors010,1
SL.xgboost.fast_All,0.18709632782603441,GERMANY,top10,all,1,1,predictors010,1
SL.glmnet_All,0.6613304455048205,GERMANY,top10,all,1,2,predictors010,1
SL.ranger.fast_All,0.2952658972348973,GERMANY,top10,all,1,2,predictors010,1
SL.xgboost.fast_All,0.043403657260282225,GERMANY,top10,all,1,2,predictors010,1
SL.glmnet_All,0.6154582096165461,GERMANY,top10,all,1,3,predictors010,1
SL.ranger.fast_All,0.2719938221152256,GERMANY,top10,all,1,3,predictors010,1
SL.xgboost.fast_All,0.11254796826822822,GERMANY,top10,all,1,3,predictors010,1
SL.glmnet_All,0.5503754045829853,GERMANY,top10,all,1,4,predictors010,1
SL.ranger.fast_All,0.3858015938225996,GERMANY,top10,all,1,4,predictors010,1
SL.xgboost.fast_All,0.06382300159441508,GERMANY,top10,all,1,4,predictors010,1
SL.glmnet_All,0.5424750233626332,GERMANY,top10,all,1,5,predictors010,1
SL.ranger.fast_All,0.396031606159134,GERMANY,top10,all,1,5,predictors010,1
SL.xgboost.fast_All,0.06149337047823279,GERMANY,top10,all,1,5,predictors010,1
SL.glmnet_All,0.5533176359979779,GERMANY,top10,all,2,1,predictors010,1
SL.ranger.fast_All,0.3488917067652288,GERMANY,top10,all,2,1,predictors010,1
SL.xgboost.fast_All,0.09779065723679328,GERMANY,top10,all,2,1,predictors010,1
SL.glmnet_All,0.5212405360395682,GERMANY,top10,all,2,2,predictors010,1
SL.ranger.fast_All,0.37893266363349526,GERMANY,top10,all,2,2,predictors010,1
SL.xgboost.fast_All,0.09982680032693657,GERMANY,top10,all,2,2,predictors010,1
SL.glmnet_All,0.5374645343595396,GERMANY,top10,all,2,3,predictors010,1
SL.ranger.fast_All,0.39195347571359473,GERMANY,top10,all,2,3,predictors010,1
SL.xgboost.fast_All,0.07058198992686561,GERMANY,top10,all,2,3,predictors010,1
SL.glmnet_All,0.6417096338666389,GERMANY,top10,all,2,4,predictors010,1
SL.ranger.fast_All,0.2883478245426139,GERMANY,top10,all,2,4,predictors010,1
SL.xgboost.fast_All,0.06994254159074717,GERMANY,top10,all,2,4,predictors010,1
SL.glmnet_All,0.6911833205577985,GERMANY,top10,all,2,5,predictors010,1
SL.ranger.fast_All,0.16881223471582651,GERMANY,top10,all,2,5,predictors010,1
SL.xgboost.fast_All,0.14000444472637508,GERMANY,top10,all,2,5,predictors010,1
SL.glmnet_All,0.5223844486056367,GERMANY,top10,all,3,1,predictors010,1
SL.ranger.fast_All,0.41462286442330204,GERMANY,top10,all,3,1,predictors010,1
SL.xgboost.fast_All,0.06299268697106124,GERMANY,top10,all,3,1,predictors010,1
SL.glmnet_All,0.49985221631628346,GERMANY,top10,all,3,2,predictors010,1
SL.ranger.fast_All,0.4217573420439531,GERMANY,top10,all,3,2,predictors010,1
SL.xgboost.fast_All,0.07839044163976333,GERMANY,top10,all,3,2,predictors010,1
SL.glmnet_All,0.600938589329701,GERMANY,top10,all,3,3,predictors010,1
SL.ranger.fast_All,0.20905950909966695,GERMANY,top10,all,3,3,predictors010,1
SL.xgboost.fast_All,0.19000190157063201,GERMANY,top10,all,3,3,predictors010,1
SL.glmnet_All,0.6515716365621983,GERMANY,top10,all,3,4,predictors010,1
SL.ranger.fast_All,0.177289801664149,GERMANY,top10,all,3,4,predictors010,1
SL.xgboost.fast_All,0.1711385617736527,GERMANY,top10,all,3,4,predictors010,1
SL.glmnet_All,0.40369340322764063,GERMANY,top10,all,3,5,predictors010,1
SL.ranger.fast_All,0.3992472847683324,GERMANY,top10,all,3,5,predictors010,1
SL.xgboost.fast_All,0.19705931200402704,GERMANY,top10,all,3,5,predictors010,1
SL.glmnet_All,0.5336939954826827,AUSTRALIA,top10,all,1,1,predictors010,1
SL.ranger.fast_All,0.46630600451731724,AUSTRALIA,top10,all,1,1,predictors010,1
SL.xgboost.fast_All,0,AUSTRALIA,top10,all,1,1,predictors010,1
SL.glmnet_All,0.90721562915458,AUSTRALIA,top10,all,1,2,predictors010,1
SL.ranger.fast_All,0.09278437084542,AUSTRALIA,top10,all,1,2,predictors010,1
SL.xgboost.fast_All,0,AUSTRALIA,top10,all,1,2,predictors010,1
SL.glmnet_All,0.684771325261179,AUSTRALIA,top10,all,1,3,predictors010,1
SL.ranger.fast_All,0.3152286747388209,AUSTRALIA,top10,all,1,3,predictors010,1
SL.xgboost.fast_All,0,AUSTRALIA,top10,all,1,3,predictors010,1
SL.glmnet_All,0.47270401305489546,AUSTRALIA,top10,all,1,4,predictors010,1
SL.ranger.fast_All,0.5272959869451046,AUSTRALIA,top10,all,1,4,predictors010,1
SL.xgboost.fast_All,0,AUSTRALIA,top10,all,1,4,predictors010,1
SL.glmnet_All,0.5096502216973089,AUSTRALIA,top10,all,1,5,predictors010,1
SL.ranger.fast_All,0.4903497783026911,AUSTRALIA,top10,all,1,5,predictors010,1
SL.xgboost.fast_All,0,AUSTRALIA,top10,all,1,5,predictors010,1
SL.glmnet_All,0.7207651271193595,AUSTRALIA,top10,all,2,1,predictors010,1
SL.ranger.fast_All,0.2792348728806406,AUSTRALIA,top10,all,2,1,predictors010,1
SL.xgboost.fast_All,0,AUSTRALIA,top10,all,2,1,predictors010,1
SL.glmnet_All,0.5290497448153693,AUSTRALIA,top10,all,2,2,predictors010,1
SL.ranger.fast_All,0.47095025518463074,AUSTRALIA,top10,all,2,2,predictors010,1
SL.xgboost.fast_All,0,AUSTRALIA,top10,all,2,2,predictors010,1
SL.glmnet_All,0.6584742700724245,AUSTRALIA,top10,all,2,3,predictors010,1
SL.ranger.fast_All,0.30083221775671193,AUSTRALIA,top10,all,2,3,predictors010,1
SL.xgboost.fast_All,0.0406935121708635,AUSTRALIA,top10,all,2,3,predictors010,1
SL.glmnet_All,0.638793223592669,AUSTRALIA,top10,all,2,4,predictors010,1
SL.ranger.fast_All,0.3612067764073312,AUSTRALIA,top10,all,2,4,predictors010,1
SL.xgboost.fast_All,0,AUSTRALIA,top10,all,2,4,predictors010,1
SL.glmnet_All,0.740937175244778,AUSTRALIA,top10,all,2,5,predictors010,1
SL.ranger.fast_All,0.259062824755222,AUSTRALIA,top10,all,2,5,predictors010,1
SL.xgboost.fast_All,0,AUSTRALIA,top10,all,2,5,predictors010,1
SL.glmnet_All,0.7840712965370904,AUSTRALIA,top10,all,3,1,predictors010,1
SL.ranger.fast_All,0.2159287034629096,AUSTRALIA,top10,all,3,1,predictors010,1
SL.xgboost.fast_All,0,AUSTRALIA,top10,all,3,1,predictors010,1
SL.glmnet_All,0.577475267061725,AUSTRALIA,top10,all,3,2,predictors010,1
SL.ranger.fast_All,0.2950618204935099,AUSTRALIA,top10,all,3,2,predictors010,1
SL.xgboost.fast_All,0.12746291244476513,AUSTRALIA,top10,all,3,2,predictors010,1
SL.glmnet_All,0.5456970371089102,AUSTRALIA,top10,all,3,3,predictors010,1
SL.ranger.fast_All,0.4543029628910899,AUSTRALIA,top10,all,3,3,predictors010,1
SL.xgboost.fast_All,0,AUSTRALIA,top10,all,3,3,predictors010,1
SL.glmnet_All,0.5627785206727479,AUSTRALIA,top10,all,3,4,predictors010,1
SL.ranger.fast_All,0.4372214793272521,AUSTRALIA,top10,all,3,4,predictors010,1
SL.xgboost.fast_All,0,AUSTRALIA,top10,all,3,4,predictors010,1
SL.glmnet_All,0.5293511035144118,AUSTRALIA,top10,all,3,5,predictors010,1
SL.ranger.fast_All,0.4706488964855881,AUSTRALIA,top10,all,3,5,predictors010,1
SL.xgboost.fast_All,0,AUSTRALIA,top10,all,3,5,predictors010,1
SL.glmnet_All,0.25093821596032473,KOREA,top10,all,1,1,predictors010,1
SL.ranger.fast_All,0.7049387245022374,KOREA,top10,all,1,1,predictors010,1
SL.xgboost.fast_All,0.044123059537437975,KOREA,top10,all,1,1,predictors010,1
SL.glmnet_All,0.24062057620163005,KOREA,top10,all,1,2,predictors010,1
SL.ranger.fast_All,0.75937942379837,KOREA,top10,all,1,2,predictors010,1
SL.xgboost.fast_All,0,KOREA,top10,all,1,2,predictors010,1
SL.glmnet_All,0.17324826958122788,KOREA,top10,all,1,3,predictors010,1
SL.ranger.fast_All,0.7146166916907003,KOREA,top10,all,1,3,predictors010,1
SL.xgboost.fast_All,0.11213503872807179,KOREA,top10,all,1,3,predictors010,1
SL.glmnet_All,0.36389844691309303,KOREA,top10,all,1,4,predictors010,1
SL.ranger.fast_All,0.5459728832467199,KOREA,top10,all,1,4,predictors010,1
SL.xgboost.fast_All,0.09012866984018716,KOREA,top10,all,1,4,predictors010,1
SL.glmnet_All,0.5117847393012187,KOREA,top10,all,1,5,predictors010,1
SL.ranger.fast_All,0.35875419107835566,KOREA,top10,all,1,5,predictors010,1
SL.xgboost.fast_All,0.12946106962042556,KOREA,top10,all,1,5,predictors010,1
SL.glmnet_All,0.34346697722416253,KOREA,top10,all,2,1,predictors010,1
SL.ranger.fast_All,0.4733672040719734,KOREA,top10,all,2,1,predictors010,1
SL.xgboost.fast_All,0.18316581870386403,KOREA,top10,all,2,1,predictors010,1
SL.glmnet_All,0.21991466229653364,KOREA,top10,all,2,2,predictors010,1
SL.ranger.fast_All,0.6631530908982561,KOREA,top10,all,2,2,predictors010,1
SL.xgboost.fast_All,0.11693224680521029,KOREA,top10,all,2,2,predictors010,1
SL.glmnet_All,0.6047898624215717,KOREA,top10,all,2,3,predictors010,1
SL.ranger.fast_All,0.23897764907533464,KOREA,top10,all,2,3,predictors010,1
SL.xgboost.fast_All,0.1562324885030936,KOREA,top10,all,2,3,predictors010,1
SL.glmnet_All,0.2686259119513589,KOREA,top10,all,2,4,predictors010,1
SL.ranger.fast_All,0.7313740880486411,KOREA,top10,all,2,4,predictors010,1
SL.xgboost.fast_All,0,KOREA,top10,all,2,4,predictors010,1
SL.glmnet_All,0.25330546218498085,KOREA,top10,all,2,5,predictors010,1
SL.ranger.fast_All,0.7466945378150193,KOREA,top10,all,2,5,predictors010,1
SL.xgboost.fast_All,0,KOREA,top10,all,2,5,predictors010,1
SL.glmnet_All,0,KOREA,top10,all,3,1,predictors010,1
SL.ranger.fast_All,0.9284430759750815,KOREA,top10,all,3,1,predictors010,1
SL.xgboost.fast_All,0.07155692402491846,KOREA,top10,all,3,1,predictors010,1
SL.glmnet_All,0.4026267861040623,KOREA,top10,all,3,2,predictors010,1
SL.ranger.fast_All,0.41298935014134214,KOREA,top10,all,3,2,predictors010,1
SL.xgboost.fast_All,0.18438386375459553,KOREA,top10,all,3,2,predictors010,1
SL.glmnet_All,0.14829637063856083,KOREA,top10,all,3,3,predictors010,1
SL.ranger.fast_All,0.8517036293614392,KOREA,top10,all,3,3,predictors010,1
SL.xgboost.fast_All,0,KOREA,top10,all,3,3,predictors010,1
SL.glmnet_All,0.1386409805239043,KOREA,top10,all,3,4,predictors010,1
SL.ranger.fast_All,0.7551320481704803,KOREA,top10,all,3,4,predictors010,1
SL.xgboost.fast_All,0.10622697130561551,KOREA,top10,all,3,4,predictors010,1
SL.glmnet_All,0.17796980526464135,KOREA,top10,all,3,5,predictors010,1
SL.ranger.fast_All,0.8220301947353587,KOREA,top10,all,3,5,predictors010,1
SL.xgboost.fast_All,0,KOREA,top10,all,3,5,predictors010,1
SL.glmnet_All,0.6007381533711623,UK,top10,all,1,1,predictors010,1
SL.ranger.fast_All,0.13188076968836443,UK,top10,all,1,1,predictors010,1
SL.xgboost.fast_All,0.26738107694047325,UK,top10,all,1,1,predictors010,1
SL.glmnet_All,0.7941946003648294,UK,top10,all,1,2,predictors010,1
SL.ranger.fast_All,0.012588252184332651,UK,top10,all,1,2,predictors010,1
SL.xgboost.fast_All,0.193217147450838,UK,top10,all,1,2,predictors010,1
SL.glmnet_All,0.6579340010450312,UK,top10,all,1,3,predictors010,1
SL.ranger.fast_All,0.21713421810111055,UK,top10,all,1,3,predictors010,1
SL.xgboost.fast_All,0.1249317808538583,UK,top10,all,1,3,predictors010,1
SL.glmnet_All,0.4715449776236858,UK,top10,all,1,4,predictors010,1
SL.ranger.fast_All,0.34684578839241936,UK,top10,all,1,4,predictors010,1
SL.xgboost.fast_All,0.1816092339838948,UK,top10,all,1,4,predictors010,1
SL.glmnet_All,0.9261928935689027,UK,top10,all,1,5,predictors010,1
SL.ranger.fast_All,7.504725514015488e-4,UK,top10,all,1,5,predictors010,1
SL.xgboost.fast_All,0.0730566338796958,UK,top10,all,1,5,predictors010,1
SL.glmnet_All,0.6713459046725048,UK,top10,all,2,1,predictors010,1
SL.ranger.fast_All,0.16454011056377355,UK,top10,all,2,1,predictors010,1
SL.xgboost.fast_All,0.16411398476372172,UK,top10,all,2,1,predictors010,1
SL.glmnet_All,0.6867014567017072,UK,top10,all,2,2,predictors010,1
SL.ranger.fast_All,0.20270456092271844,UK,top10,all,2,2,predictors010,1
SL.xgboost.fast_All,0.11059398237557423,UK,top10,all,2,2,predictors010,1
SL.glmnet_All,0.4475848358752832,UK,top10,all,2,3,predictors010,1
SL.ranger.fast_All,0.4784860548403983,UK,top10,all,2,3,predictors010,1
SL.xgboost.fast_All,0.07392910928431855,UK,top10,all,2,3,predictors010,1
SL.glmnet_All,0.6520262568226102,UK,top10,all,2,4,predictors010,1
SL.ranger.fast_All,0.28057047198878965,UK,top10,all,2,4,predictors010,1
SL.xgboost.fast_All,0.06740327118860014,UK,top10,all,2,4,predictors010,1
SL.glmnet_All,0.6686963474385959,UK,top10,all,2,5,predictors010,1
SL.ranger.fast_All,0.058820817154373005,UK,top10,all,2,5,predictors010,1
SL.xgboost.fast_All,0.27248283540703105,UK,top10,all,2,5,predictors010,1
SL.glmnet_All,0.6951453579004653,UK,top10,all,3,1,predictors010,1
SL.ranger.fast_All,0.2850384767539947,UK,top10,all,3,1,predictors010,1
SL.xgboost.fast_All,0.01981616534554001,UK,top10,all,3,1,predictors010,1
SL.glmnet_All,0.6326760892715474,UK,top10,all,3,2,predictors010,1
SL.ranger.fast_All,0.20598797516978185,UK,top10,all,3,2,predictors010,1
SL.xgboost.fast_All,0.16133593555867087,UK,top10,all,3,2,predictors010,1
SL.glmnet_All,0.9223408406785981,UK,top10,all,3,3,predictors010,1
SL.ranger.fast_All,0.006350603919729821,UK,top10,all,3,3,predictors010,1
SL.xgboost.fast_All,0.07130855540167202,UK,top10,all,3,3,predictors010,1
SL.glmnet_All,0.7564964923307449,UK,top10,all,3,4,predictors010,1
SL.ranger.fast_All,0.032670067401238845,UK,top10,all,3,4,predictors010,1
SL.xgboost.fast_All,0.21083344026801612,UK,top10,all,3,4,predictors010,1
SL.glmnet_All,0.8407871365692363,UK,top10,all,3,5,predictors010,1
SL.ranger.fast_All,0,UK,top10,all,3,5,predictors010,1
SL.xgboost.fast_All,0.1592128634307638,UK,top10,all,3,5,predictors010,1
